NAME,PARTY,TOTAL VOTES,STATE,GENDER
SOYAM BAPU RAO,BJP,377374,Telangana,MALE
Satyapal Singh Baghel,BJP,646875,Uttar Pradesh,MALE
Dr. SUJAY RADHAKRISHNA VIKHEPATIL,BJP,704660,Maharashtra,MALE
Patel Hasmukhbhai Somabhai,BJP,749834,Gujarat,MALE
DR. KIRIT P. SOLANKI,BJP,641622,Gujarat,MALE
Bhagirath Chaudhary,BJP,815076,Rajasthan,MALE
Devendra Singh 'Bhole',BJP,581282,Uttar Pradesh,MALE
Dhotre Sanjay Shamrao,BJP,554444,Maharashtra,MALE
Adv. A M ARIFF,CPI(M),445970,Kerala,MALE
RAMYA HARIDAS,INC,533815,Kerala,FEMALE
SATISH KUMAR GAUTAM,BJP,656215,Uttar Pradesh,MALE
JOHN BARLA,BJP,750804,West Bengal,MALE
Rita Bahuguna Joshi,BJP,494454,Uttar Pradesh,FEMALE
Ajay Tamta,BJP,444651,Uttarakhand,MALE
Balak Nath,BJP,760201,Rajasthan,MALE
CHINTA ANURADHA,YSRCP,485958,Andhra Pradesh,FEMALE
RATTAN LAL KATARIA,BJP,746508,Haryana,MALE
Ritesh Pandey,BSP,564118,Uttar Pradesh,MALE
Smriti Irani,BJP,468514,Uttar Pradesh,FEMALE
Navnit Ravi Rana,IND,510947,Maharashtra,FEMALE
Kachhadiya Naranbhai Bhikhabhai,BJP,529035,Gujarat,MALE
GURJEET SINGH AUJLA,INC,445032,Punjab,MALE
KUNWAR DANISH ALI,BSP,601082,Uttar Pradesh,MALE
Dr.Beesetti Venkata Satyavathi,YSRCP,586226,Andhra Pradesh,FEMALE
PATEL MITESH RAMESHBHAI (BAKABHAI),BJP,633097,Gujarat,MALE
Manish Tewari,INC,428045,Punjab,MALE
TALARI RANGAIAH,YSRCP,695208,Andhra Pradesh,MALE
HASNAIN MASOODI,JKN,40180,Jammu & Kashmir,MALE
KULDEEP RAI SHARMA,INC,95308,Andaman & Nicobar Islands,MALE
DHARMENDRA KASHYAP,BJP,537675,Uttar Pradesh,MALE
S. JAGATHRAKSHAKAN,DMK,672190,Tamil Nadu,MALE
APARUPA PODDAR (AFRIN ALI),AITC,649929,West Bengal,FEMALE
VISHNU PRASAD M K,INC,617760,Tamil Nadu,MALE
PRADEEP KUMAR SINGH,BJP,618434,Bihar,MALE
R. K. Singh,BJP,566480,Bihar,MALE
GODDETI. MADHAVI,YSRCP,562190,Andhra Pradesh,FEMALE
Tapir Gao,BJP,153883,Arunachal Pradesh,MALE
KIREN RIJIJU,BJP,225796,Arunachal Pradesh,MALE
BABUL SUPRIYO,BJP,633378,West Bengal,MALE
Pramila Bisoyi,BJD,552749,Odisha,FEMALE
Adv. ADOOR PRAKASH,INC,380995,Kerala,MALE
SUSHIL KUMAR SINGH,BJP,427721,Bihar,MALE
Imtiaz Jaleel Syed,AIMIM,389042,Maharashtra,MALE
NARESH YADAV,BSP,33772,Bihar,MALE
HOREN SING BEY,BJP,381316,Assam,MALE
Akhilesh Yadav,SP,621578,Uttar Pradesh,MALE
Gaddigoudar Parvatagouda Chandanagouda,BJP,664638,Karnataka,MALE
Dr. SATYAPAL SINGH,BJP,525789,Uttar Pradesh,MALE
ADHIR RANJAN CHOWDHURY,INC,591106,West Bengal,MALE
AKSHAIBAR LAL,BJP,525982,Uttar Pradesh,MALE
DR DHAL SINGH BISEN,BJP,696102,Madhya Pradesh,MALE
PRATAP CHANDRA SARANGI,BJP,483858,Odisha,MALE
Virendra Singh,BJP,469114,Uttar Pradesh,MALE
Sukanta Majumdar,BJP,539317,West Bengal,MALE
PARBATBHAI SAVABHAI PATEL,BJP,679108,Gujarat,MALE
R.K. SINGH PATEL,BJP,477926,Uttar Pradesh,MALE
P. C. Mohan,BJP,602853,Karnataka,MALE
D.V. Sadananda Gowda,BJP,824500,Karnataka,MALE
D.K. SURESH,INC,878258,Karnataka,MALE
TEJASVI SURYA,BJP,739229,Karnataka,MALE
SHANTANU THAKUR,BJP,687622,West Bengal,MALE
GIRIDHARI YADAV,JD(U),477788,Bihar,MALE
DR. SUBHAS SARKAR,BJP,675319,West Bengal,MALE
Kamlesh Paswan,BJP,546673,Uttar Pradesh,MALE
KANAKMAL KATARA,BJP,711709,Rajasthan,MALE
NANDIGAM SURESH,YSRCP,598257,Andhra Pradesh,MALE
Upendra Singh Rawat,BJP,535917,Uttar Pradesh,MALE
Supriya Sule,NCP,686714,Maharashtra,FEMALE
MOHAMMAD AKBAR LONE,JKN,133426,Jammu & Kashmir,MALE
Dr. Kakoli Ghoshdastidar,AITC,648444,West Bengal,FEMALE
S.S AHLUWALIA,BJP,598376,West Bengal,MALE
SUNIL KUMAR MONDAL,AITC,640834,West Bengal,MALE
PARBHUBHAI NAGARBHAI VASAVA,BJP,742273,Gujarat,MALE
SANTOSH KUMAR GANGWAR,BJP,565270,Uttar Pradesh,MALE
Suresh Pujari,BJP,581245,Odisha,MALE
KAILASH CHOUDHARY,BJP,846526,Rajasthan,MALE
Abdul Khaleque,INC,645173,Assam,MALE
ARJUN SINGH,BJP,472994,West Bengal,MALE
Nusrat Jahan Ruhi,AITC,782078,West Bengal,FEMALE
DEEPAK BAIJ,INC,402527,Chhattisgarh,MALE
HARISH CHANDRA ALIAS HARISH DWIVEDI,BJP,471162,Uttar Pradesh,MALE
Harsimrat Kaur Badal,SAD,492824,Punjab,FEMALE
Pritam Gopinathrao Munde,BJP,678175,Maharashtra,FEMALE
Giriraj Singh,BJP,692193,Bihar,MALE
ANGADI SURESH CHANNABASAPPA,BJP,761991,Karnataka,MALE
Y. DEVENDRAPPA,BJP,616388,Karnataka,MALE
CHANDRA SEKHAR SAHU,BJD,443843,Odisha,MALE
DURGA DAS (D.D.) UIKEY,BJP,811248,Madhya Pradesh,MALE
RAMESH CHAND,BJP,510029,Uttar Pradesh,MALE
MANJULATA MANDAL,BJD,513045,Odisha,FEMALE
AJAY KUMAR MANDAL,JD(U),618254,Bihar,MALE
Sunil Baburao Mendhe,BJP,650243,Maharashtra,MALE
RANJEETA KOLI,BJP,707992,Rajasthan,FEMALE
Mansukhbhai Dhanjibhai Vasava,BJP,637795,Gujarat,MALE
DR.BHARATIBEN DHIRUBHAI SHIYAL,BJP,661273,Gujarat,FEMALE
SUBHASH CHANDRA BAHERIA,BJP,938160,Rajasthan,MALE
SANDHYA RAY,BJP,527694,Madhya Pradesh,FEMALE
KAPIL MORESHWAR PATIL,BJP,523583,Maharashtra,MALE
Dharambir Singh S/o Bhale Ram,BJP,736699,Haryana,MALE
Komati Reddy Venkat Reddy,INC,532795,Telangana,MALE
SADHVI PRAGYA SINGH THAKUR,BJP,866482,Madhya Pradesh,FEMALE
APARAJITA SARANGI,BJP,486991,Odisha,FEMALE
BHAGWANTH KHUBA,BJP,585471,Karnataka,MALE
JIGAJINAGI RAMESH CHANDAPPA,BJP,635867,Karnataka,MALE
MALOOK NAGAR,BSP,561045,Uttar Pradesh,MALE
ARJUN RAM MEGHWAL,BJP,657743,Rajasthan,MALE
ARUN SAO,BJP,634559,Chhattisgarh,MALE
SATABDI ROY,AITC,654077,West Bengal,FEMALE
KHAN SAUMITRA,BJP,657019,West Bengal,MALE
Sangeeta Kumari Singh Deo,BJP,498086,Odisha,FEMALE
ASIT KUMAR MAL,AITC,699171,West Bengal,MALE
BHOLA SINGH,BJP,681321,Uttar Pradesh,MALE
Jadhav Prataprao Ganpatrao,SHS,521977,Maharashtra,MALE
Ashwini Kumar Choubey,BJP,473053,Bihar,MALE
BENNY BEHANAN,INC,473444,Kerala,MALE
V. SRINIVAS PRASAD,BJP,568537,Karnataka,MALE
Dr. Mahendra Nath Pandey,BJP,510733,Uttar Pradesh,MALE
KIRRON KHER,BJP,231188,Chandigarh,FEMALE
HARSH VARDHAN,BJP,519055,NCT OF Delhi,MALE
Balubhau alias Suresh Narayan Dhanorkar,INC,559507,Maharashtra,MALE
SUNIL KUMAR SINGH,BJP,528077,Jharkhand,MALE
DAYANIDHI MARAN,DMK,448911,Tamil Nadu,MALE
Dr. KALANIDHI VEERASWAMY,DMK,590986,Tamil Nadu,MALE
T.SUMATHY (A) THAMIZHACHI THANGAPANDIAN,DMK,564872,Tamil Nadu,FEMALE
Dr. G. Ranjith Reddy,TRS,528148,Telangana,MALE
NAKUL KAMAL NATH,INC,587305,Madhya Pradesh,MALE
RATHVA GITABEN VAJESINGBHAI,BJP,764445,Gujarat,FEMALE
THIRUMAAVALAVAN THOL,VCK,500229,Tamil Nadu,MALE
B.N.Bache Gowda,BJP,745912,Karnataka,MALE
ANNASAHEB SHANKAR JOLLE,BJP,645017,Karnataka,MALE
A NARAYANASWAMY,BJP,626195,Karnataka,MALE
N. REDDEPPA,YSRCP,686792,Andhra Pradesh,MALE
Chandra Prakash Joshi,BJP,982942,Rajasthan,MALE
RAHUL KASWAN,BJP,792999,Rajasthan,MALE
NATARAJAN. P.R,CPI(M),571150,Tamil Nadu,MALE
NISITH PRAMANIK,BJP,731594,West Bengal,MALE
T. R. V .S. RAMESH,DMK,522160,Tamil Nadu,MALE
BHARTRUHARI MAHTAB,BJD,524592,Odisha,MALE
DELKAR MOHANBHAI SANJIBHAI,IND,90421,Dadra & Nagar Haveli,MALE
JASHVANTSINH SUMANBHAI BHABHOR,BJP,561760,Gujarat,MALE
NALIN KUMAR KATEEL,BJP,774285,Karnataka,MALE
LALUBHAI BABUBHAI PATEL,BJP,37597,Daman & Diu,MALE
PRAHALAD SINGH PATEL,BJP,704524,Madhya Pradesh,MALE
Gopal Jee Thakur,BJP,586668,Bihar,MALE
RAJU BISTA,BJP,750067,West Bengal,MALE
Jaskaur Meena,BJP,548733,Rajasthan,FEMALE
G M SIDDESHWAR,BJP,652996,Karnataka,MALE
RAMAPATI RAM TRIPATHI,BJP,580644,Uttar Pradesh,MALE
MAHENDRA SINGH SOLANKY,BJP,862429,Madhya Pradesh,MALE
PASHUPATI NATH SINGH,BJP,827234,Jharkhand,MALE
CHATTARSINGH DARBAR,BJP,722147,Madhya Pradesh,MALE
DNV SENTHILKUMAR. S.,DMK,574988,Tamil Nadu,MALE
Pralhad Joshi,BJP,684837,Karnataka,MALE
REKHA VERMA,BJP,512905,Uttar Pradesh,FEMALE
MAHESH SAHOO,BJD,522884,Odisha,MALE
BADRUDDIN AJMAL,AIUDF,718764,Assam,MALE
Bhamre Subhash Ramrao,BJP,613533,Maharashtra,MALE
ABHISHEK BANERJEE,AITC,791127,West Bengal,MALE
RAMESWAR TELI,BJP,659583,Assam,MALE
"VELUSAMY, P.",DMK,746523,Tamil Nadu,MALE
Dr. Bharati Pravin Pawar,BJP,567470,Maharashtra,FEMALE
JAGDAMBIKA PAL,BJP,492253,Uttar Pradesh,MALE
SOUGATA RAY,AITC,512062,West Bengal,MALE
SUNIL SOREN,BJP,484923,Jharkhand,MALE
VIJAY BAGHEL,BJP,849374,Chhattisgarh,MALE
GAUTAM GAMBHIR,BJP,696156,NCT OF Delhi,MALE
KOTAGIRI SRIDHAR,YSRCP,676809,Andhra Pradesh,MALE
HIBI EDEN,INC,491263,Kerala,MALE
GANESHAMURTHI A,DMK,563591,Tamil Nadu,MALE
Rajveer Singh (Raju Bhaiya),BJP,545348,Uttar Pradesh,MALE
LALLU SINGH,BJP,529021,Uttar Pradesh,MALE
KRISHAN PAL,BJP,913222,Haryana,MALE
Mohammad Sadique,INC,419065,Punjab,MALE
Mukesh Rajput,BJP,569880,Uttar Pradesh,MALE
AMAR SINGH,INC,411651,Punjab,MALE
NIRANJAN JYOTI,BJP,566040,Uttar Pradesh,FEMALE
RAJKUMAR CHAHAR,BJP,667147,Uttar Pradesh,MALE
Dr. Chandra Sen Jadon,BJP,495819,Uttar Pradesh,MALE
SUKHBIR SINGH BADAL,SAD,633427,Punjab,MALE
ASHOK MAHADEORAO NETE,BJP,519968,Maharashtra,MALE
AMIT SHAH,BJP,894624,Gujarat,MALE
NIHAL CHAND,BJP,897177,Rajasthan,MALE
Tirath Singh Rawat,BJP,506980,Uttarakhand,MALE
QUEEN OJA,BJP,1008936,Assam,FEMALE
Dr. MAHESH SHARMA,BJP,830812,Uttar Pradesh,MALE
Vijay Kumar,JD(U),467007,Bihar,MALE
ADHIKARI DEEPAK (DEV),AITC,717959,West Bengal,MALE
Vijay Kumar Singh,BJP,944503,Uttar Pradesh,MALE
AFZAL ANSARI,BSP,566082,Uttar Pradesh,MALE
ATUL KUMAR SINGH,BSP,573829,Uttar Pradesh,MALE
Chandra Prakash Choudhary,AJSUP,648277,Jharkhand,MALE
Nishikant Dubey,BJP,637610,Jharkhand,MALE
KIRTI VARDHAN SINGH ALIAS RAJA BHAIYA,BJP,508190,Uttar Pradesh,MALE
DR. ALOK KUMAR SUMAN,JD(U),568150,Bihar,MALE
Ravindra Shyamnarayan Shukla alias Ravi Kishan,BJP,717122,Uttar Pradesh,MALE
DR. UMESH G JADHAV,BJP,620192,Karnataka,MALE
"KRISHNA PAL SINGH ""Dr. K. P. YADAV""",BJP,614049,Madhya Pradesh,MALE
Jayadev Galla,TDP,587918,Andhra Pradesh,MALE
SUNNY DEOL,BJP,558719,Punjab,MALE
RAO INDERJIT SINGH,BJP,881546,Haryana,MALE
VIVEK NARAYAN SHEJWALKAR,BJP,627250,Madhya Pradesh,MALE
PASHU PATI KUMAR PARAS,LJP,541310,Bihar,MALE
ANURAG SINGH THAKUR,BJP,682692,Himachal Pradesh,MALE
KUNWAR PUSHPENDRA SINGH CHANDEL,BJP,575122,Uttar Pradesh,MALE
Jai Prakash,BJP,568143,Uttar Pradesh,MALE
Ramesh Pokhriyal 'Nishank',BJP,665674,Uttarakhand,MALE
PRAJWAL REVANNA,JD(S),676606,Karnataka,MALE
RAJVIR DILER,BJP,684299,Uttar Pradesh,MALE
Dhairyasheel Sambhajirao Mane,SHS,585776,Maharashtra,MALE
UDASI. S.C.,BJP,683660,Karnataka,MALE
JAYANT SINHA,BJP,728798,Jharkhand,MALE
KURUVA GORANTLA MADHAV,YSRCP,706602,Andhra Pradesh,MALE
Hemant Patil,SHS,586312,Maharashtra,MALE
BRIJENDRA SINGH,BJP,603289,Haryana,MALE
LOCKET CHATTERJEE,BJP,671448,West Bengal,FEMALE
UDAY PRATAP SINGH,BJP,877927,Madhya Pradesh,MALE
SOM PARKASH,BJP,421320,Punjab,MALE
Prasun Banerjee,AITC,576711,West Bengal,MALE
ASADUDDIN OWAISI,AIMIM,517471,Telangana,MALE
Adv. DEAN KURIAKOSE,INC,498493,Kerala,MALE
SHANKAR LALWANI,BJP,1068569,Madhya Pradesh,MALE
DR RAJKUMAR RANJAN SINGH,BJP,263632,Manipur,MALE
RAKESH SINGH,BJP,826454,Madhya Pradesh,MALE
MIMI CHAKRABORTY,AITC,688472,West Bengal,FEMALE
RAJASHREE MALLICK,BJD,619985,Odisha,FEMALE
CHANDESHWAR PRASAD,JD(U),335584,Bihar,MALE
Ramcharan Bohra,BJP,924065,Rajasthan,MALE
COL. RAJYAVARDHAN RATHORE,BJP,820132,Rajasthan,MALE
SARMISTHA SETHI,BJD,544020,Odisha,FEMALE
Santokh Singh Chaudhary,INC,385712,Punjab,MALE
BHANU PRATAP SINGH VERMA,BJP,581763,Uttar Pradesh,MALE
Unmesh Bhaiyyasaheb Patil,BJP,713874,Maharashtra,MALE
Devaji Patel,BJP,772833,Rajasthan,MALE
Dr. JAYANTA KUMAR ROY,BJP,760145,West Bengal,MALE
Jugal Kishore,BJP,858066,Jammu & Kashmir,MALE
POONAMBEN HEMATBHAI MAADAM,BJP,591588,Gujarat,FEMALE
Bidyut Baran Mahato,BJP,679632,Jharkhand,MALE
CHIRAG KUMAR PASWAN,LJP,529134,Bihar,MALE
KHALILUR RAHAMAN,AITC,562838,West Bengal,MALE
GUHARAM AJGALLEY,BJP,572790,Chhattisgarh,MALE
SHYAM SINGH YADAV,BSP,521128,Uttar Pradesh,MALE
PRATIMA MONDAL,AITC,761202,West Bengal,FEMALE
DUSHYANT SINGH,BJP,887400,Rajasthan,MALE
Ramprit Mandal,JD(U),602391,Bihar,MALE
Anurag Sharma,BJP,809272,Uttar Pradesh,MALE
Kunar Hembram,BJP,626583,West Bengal,MALE
NARENDRA KUMAR,BJP,738163,Rajasthan,MALE
Gajendra Singh Shekhawat,BJP,788888,Rajasthan,MALE
TOPON KUMAR GOGOI,BJP,543288,Assam,MALE
CHUDASAMA RAJESHBHAI NARANBHAI,BJP,547744,Gujarat,MALE
CHAVDA VINOD LAKHAMSHI,BJP,637034,Gujarat,MALE
Y.S.Avinash Reddy,YSRCP,783499,Andhra Pradesh,MALE
Pradeep Kumar,BJP,566961,Uttar Pradesh,MALE
Brijbhusan Sharan Singh,BJP,581358,Uttar Pradesh,MALE
VANGA GEETHAVISWANATH,YSRCP,537630,Andhra Pradesh,FEMALE
BASANTA KUMAR PANDA,BJP,433074,Odisha,MALE
Gaurav Gogoi,INC,786092,Assam,MALE
Gautham Sigamani Pon,DMK,721713,Tamil Nadu,MALE
Dr. SHRIKANT EKNATH SHINDE,SHS,559723,Maharashtra,MALE
Selvam.G,DMK,684004,Tamil Nadu,MALE
ACHYUTANANDA SAMANTA,BJD,461679,Odisha,MALE
Kishan Kapoor,BJP,725218,Himachal Pradesh,MALE
MOHAN MANDAVI,BJP,546233,Chhattisgarh,MALE
SUBRAT PATHAK,BJP,563087,Uttar Pradesh,MALE
Vasanthakumar. H,INC,627235,Tamil Nadu,MALE
K. SUDHAKARAN,INC,529741,Kerala,MALE
Satyadev Pachauri,BJP,468937,Uttar Pradesh,MALE
Adhikari Sisir,AITC,711872,West Bengal,MALE
MAHABALI SINGH,JD(U),398408,Bihar,MALE
MANOJ RAJORIA,BJP,526443,Rajasthan,MALE
KRIPANATH MALLAH,BJP,473046,Assam,MALE
BANDI SANJAY KUMAR,BJP,498276,Telangana,MALE
Sanjay Bhatia,BJP,911594,Haryana,MALE
Jothimani S,INC,695697,Tamil Nadu,FEMALE
Rajmohan Unnithan,INC,474961,Kerala,MALE
DULAL CHANDRA GOSWAMI,JD(U),559423,Bihar,MALE
VINOD KUMAR SONKAR,BJP,383009,Uttar Pradesh,MALE
Anubhav Mohanty,BJD,630179,Odisha,MALE
JASBIR SINGH GILL (DIMPA),INC,459710,Punjab,MALE
Choudhary Mehboob Ali Kaiser,LJP,510193,Bihar,MALE
V.D. SHARMA (VISHNU DATT SHARMA),BJP,811135,Madhya Pradesh,MALE
NAMA NAGESWR RAO,TRS,567459,Telangana,MALE
NANDKUMAR SINGH CHOUHAN (NANDU BHAIYA),BJP,838909,Madhya Pradesh,MALE
GAJENDRA UMRAO SINGH PATEL,BJP,773550,Madhya Pradesh,MALE
Chauhan Devusinh,BJP,714572,Gujarat,MALE
Ajay Kumar,BJP,609589,Uttar Pradesh,MALE
ARJUN MUNDA,BJP,382638,Jharkhand,MALE
Dr. Mohammad Jawed,INC,367017,Bihar,MALE
ANNPURNA DEVI,BJP,753016,Jharkhand,FEMALE
Naba Kumar Sarania,IND,484560,Assam,MALE
S. MUNISWAMY,BJP,709165,Karnataka,MALE
Sanjay Sadashivrao Mandlik,SHS,749085,Maharashtra,MALE
Mala Roy,AITC,573119,West Bengal,FEMALE
BANDYOPADHYAY SUDIP,AITC,474891,West Bengal,MALE
N.K.Premachandran,RSP,499677,Kerala,MALE
KARADI SANGANNA AMARAPPA,BJP,586783,Karnataka,MALE
SAPTAGIRI SANKAR ULAKA,INC,371129,Odisha,MALE
JYOTSNA CHARANDAS MAHANT,INC,523310,Chhattisgarh,FEMALE
OM BIRLA,BJP,800051,Rajasthan,MALE
Thomas Chazhikadan,KEC(M),421046,Kerala,MALE
M.K.RAGHAVAN,INC,493444,Kerala,MALE
Dr.A.CHELLAKUMAR,INC,611298,Tamil Nadu,MALE
MAHUA MOITRA,AITC,614872,West Bengal,FEMALE
AYUSHMAN DOCTOR SANJEEV KUMAR,YSRCP,605462,Andhra Pradesh,MALE
NAYAB SINGH,BJP,688629,Haryana,MALE
VIJAY KUMAR DUBEY,BJP,597039,Uttar Pradesh,MALE
Jamyang Tsering Namgyal,BJP,42914,Jammu & Kashmir,MALE
PRADAN BARUAH,BJP,776406,Assam,MALE
MOHAMMED FAIZAL PP,NCP,22851,Lakshadweep,MALE
Sangeeta Azad,BSP,518820,Uttar Pradesh,FEMALE
Sudhakar Tukaram Shrangare,BJP,661495,Maharashtra,MALE
SUDARSHAN BHAGAT,BJP,371595,Jharkhand,MALE
Rajnath Singh,BJP,633026,Uttar Pradesh,MALE
RAVNEET SINGH BITTU,INC,383795,Punjab,MALE
Bholanath (B.P. Saroj),BJP,488397,Uttar Pradesh,MALE
BALASHOWRY VALLABHANENI,YSRCP,572850,Andhra Pradesh,MALE
Ranjeetsinha Hindurao Naik- Nimbalkar,BJP,586314,Maharashtra,MALE
Dinesh Chandra Yadav,JD(U),624334,Bihar,MALE
ASHOK KUMAR YADAV,BJP,595843,Bihar,MALE
VENKATESAN S,CPI(M),447075,Tamil Nadu,MALE
Kavitha Malothu,TRS,462109,Telangana,FEMALE
PANKAJ CHOUDHARY,BJP,726349,Uttar Pradesh,MALE
"Janardan Singh 'Sigriwal""",BJP,546352,Bihar,MALE
CHUNNI LAL SAHU,BJP,616580,Chhattisgarh,MALE
MANNE SRINIVAS REDDY,TRS,411402,Telangana,MALE
SHARDABEN ANILBHAI PATEL,BJP,659525,Gujarat,FEMALE
MULAYAM SINGH YADAV,SP,524926,Uttar Pradesh,MALE
P.K. Kunhalikutty,IUML,589873,Kerala,MALE
ABU HASEM KHAN CHOWDHURY (DALU),INC,444270,West Bengal,MALE
KHAGEN MURMU,BJP,509524,West Bengal,MALE
ANUMULA REVANTH REDDY,INC,603748,Telangana,MALE
RAM SWAROOP SHARMA,BJP,647189,Himachal Pradesh,MALE
FAGGAN SINGH KULASTE,BJP,737266,Madhya Pradesh,MALE
Sudheer Gupta,BJP,847786,Madhya Pradesh,MALE
SUMALATHA AMBAREESH,IND,703660,Karnataka,FEMALE
DILIP SAIKIA,BJP,735469,Assam,MALE
HEMA MALINI,BJP,671293,Uttar Pradesh,FEMALE
CHOUDHURY MOHAN JATUA,AITC,726828,West Bengal,MALE
SHRIRANG APPA CHANDU BARNE,SHS,720663,Maharashtra,MALE
KODIKUNNIL SURESH,INC,440415,Kerala,MALE
RAMALINGAM. S,DMK,599292,Tamil Nadu,MALE
BISHWESWAR TUDU,BJP,483812,Odisha,MALE
Kotha Prabhakar Reddy,TRS,596048,Telangana,MALE
Dilip Ghosh,BJP,685433,West Bengal,MALE
RAJENDRA AGARWAL,BJP,586184,Uttar Pradesh,MALE
Anupriya Singh Patel,ADAL,591564,Uttar Pradesh,FEMALE
Ashok Kumar Rawat,BJP,534429,Uttar Pradesh,MALE
C LALROSANGA,MNF,224286,Mizoram,MALE
Kaushal Kishore,BJP,629999,Uttar Pradesh,MALE
Dr. S.T. HASAN,SP,649416,Uttar Pradesh,MALE
NARENDRA SINGH TOMAR,BJP,541689,Madhya Pradesh,MALE
Gopal Shetty,BJP,706678,Maharashtra,MALE
POONAM MAHAJAN,BJP,486672,Maharashtra,FEMALE
Manoj Kotak,BJP,514599,Maharashtra,MALE
Gajanan Kirtikar,SHS,570063,Maharashtra,MALE
Arvind Ganpat Sawant,SHS,421937,Maharashtra,MALE
Rahul Ramesh Shewale,SHS,424913,Maharashtra,MALE
RAJIV RANJAN SINGH ALIAS LALAN SINGH,JD(U),528762,Bihar,MALE
ABU TAHER KHAN,AITC,604346,West Bengal,MALE
Sanjeev Kumar Balyan,BJP,573780,Uttar Pradesh,MALE
Ajay Nishad,BJP,666878,Bihar,MALE
PRATHAP SIMHA,BJP,688974,Karnataka,MALE
RAMESH CHANDRA MAJHI,BJD,392504,Odisha,MALE
Tokheho Yepthomi,NDPP,500510,Nagaland,MALE
SELVARAJ M,CPI(M),522892,Tamil Nadu,MALE
POTHUGANTI RAMULU,TRS,499672,Telangana,MALE
HANUMAN BENIWAL,RLTP,660051,Rajasthan,MALE
GIRISH CHANDRA,BSP,568378,Uttar Pradesh,MALE
NITIN JAIRAM GADKARI,BJP,660221,Maharashtra,MALE
Ajay Bhatt,BJP,772195,Uttarakhand,MALE
Kaushlendra Kumar,JD(U),540888,Bihar,MALE
UTTAM KUMAR REDDY NALAMADA,INC,526028,Telangana,MALE
CHINRAJ A.K.P,DMK,626293,Tamil Nadu,MALE
Prataprao Patil Chikhalikar,BJP,486806,Maharashtra,MALE
Dr. Heena Vijaykumar Gavit,BJP,639136,Maharashtra,FEMALE
POCHA . BRAHMANANDA REDDY,YSRCP,720888,Andhra Pradesh,MALE
LAVU SRI KRISHNA DEVARAYALU,YSRCP,745557,Andhra Pradesh,MALE
KANUMURU RAGHU RAMA KRISHNA RAJU,YSRCP,449234,Andhra Pradesh,MALE
Godse Hemant Tukaram,SHS,563599,Maharashtra,MALE
C. R. Patil,BJP,972739,Gujarat,MALE
Chandan Singh,LJP,495684,Bihar,MALE
Adala Prabhakara Reddy,YSRCP,683830,Andhra Pradesh,MALE
MEENAKASHI LEKHI,BJP,504206,NCT OF Delhi,FEMALE
"RAJA, A.",DMK,547832,Tamil Nadu,MALE
ARVIND DHARMAPURI,BJP,480584,Telangana,MALE
MANOJ TIWARI,BJP,787799,NCT OF Delhi,MALE
SHRIPAD YESSO NAIK,BJP,244844,Goa,MALE
HANS RAJ HANS,BJP,848663,NCT OF Delhi,MALE
Pradyut Bordoloi,INC,739724,Assam,MALE
MAGUNTA SREENIVASULU REDDY,YSRCP,739202,Andhra Pradesh,MALE
Omprakash Bhupalsinh Alias Pawan Rajenimbalkar,SHS,596640,Maharashtra,MALE
Lorho S. Pfoze,NPF,363527,Manipur,MALE
V K SREEKANDAN,INC,399274,Kerala,MALE
VISHNU DAYAL RAM,BJP,755659,Jharkhand,MALE
Rajendra Dhedya Gavit,SHS,580479,Maharashtra,MALE
P. P. CHAUDHARY,BJP,900149,Rajasthan,MALE
Ratansinh Magansinh Rathod,BJP,732136,Gujarat,MALE
JADHAV SANJAY (BANDU) HARIBHAU,SHS,538941,Maharashtra,MALE
DR. SANJAY JAISWAL,BJP,603706,Bihar,MALE
RAM KRIPAL YADAV,BJP,509557,Bihar,MALE
DABHI BHARATSINHJI SHANKARJI,BJP,633368,Gujarat,MALE
ANTO ANTONY,INC,380927,Kerala,MALE
Preneet Kaur,INC,532027,Punjab,FEMALE
RAVI SHANKAR PRASAD,BJP,607506,Bihar,MALE
Venkatesh Netha Borlakunta,TRS,441321,Telangana,MALE
"Dr.PAARIVENDHAR, T. R",DMK,683697,Tamil Nadu,MALE
Keshari Devi Patel,BJP,544701,Uttar Pradesh,FEMALE
Feroze Varun Gandhi,BJP,704549,Uttar Pradesh,MALE
SHANMUGA SUNDARAM. K,DMK,554230,Tamil Nadu,MALE
E. T. Mohammed Basheer,IUML,521824,Kerala,MALE
RAMESHBHAI LAVJIBHAI DHADUK,BJP,563881,Gujarat,MALE
SANGAM LAL GUPTA,BJP,436291,Uttar Pradesh,MALE
Ve. VAITHILINGAM,INC,444981,Puducherry,MALE
Girish Bhalchandra Bapat,BJP,632835,Maharashtra,MALE
PINAKI MISRA,BJD,538321,Odisha,MALE
SANTOSH KUMAR,JD(U),632924,Bihar,MALE
JYOTIRMAY SINGH MAHATO,BJP,668107,West Bengal,MALE
RADHA MOHAN SINGH,BJP,577787,Bihar,MALE
SONIA GANDHI,INC,534918,Uttar Pradesh,FEMALE
RAJA AMARESHWARA NAIK,BJP,598337,Karnataka,MALE
Tatkare Sunil Dattatray,NCP,486968,Maharashtra,MALE
DEBASREE CHAUDHURI,BJP,511652,West Bengal,FEMALE
GOMATI SAI,BJP,658335,Chhattisgarh,FEMALE
Sunil Kumar Soni,BJP,837902,Chhattisgarh,MALE
MARGANI BHARAT,YSRCP,582024,Andhra Pradesh,MALE
P.V.MIDHUN REDDY,YSRCP,702211,Andhra Pradesh,MALE
RODMAL NAGAR,BJP,823824,Madhya Pradesh,MALE
KUNDARIA MOHANBHAI KALYANJIBHAI,BJP,758645,Gujarat,MALE
VIJAY KUMAR HANSDAK,JMM,507830,Jharkhand,MALE
SANTOSH PANDEY,BJP,662387,Chhattisgarh,MALE
Diya Kumari,BJP,863039,Rajasthan,FEMALE
K. NAVASKANI,IUML,469943,Tamil Nadu,MALE
Mohammad Azam Khan,SP,559177,Uttar Pradesh,MALE
Krupal Balaji Tumane,SHS,597126,Maharashtra,MALE
JAGANNATH SARKAR,BJP,783253,West Bengal,MALE
SANJAY SETH,BJP,706510,Jharkhand,MALE
GUMAN SINGH DAMOR,BJP,696103,Madhya Pradesh,MALE
Vinayak Raut,SHS,458022,Maharashtra,MALE
Khadse Raksha Nikhil,BJP,655386,Maharashtra,FEMALE
JANARDAN MISHRA,BJP,583769,Madhya Pradesh,MALE
PAKAURI LAL KOL,ADAL,447914,Uttar Pradesh,MALE
ARVIND KUMAR SHARMA,BJP,573845,Haryana,MALE
RATHOD DIPSINH SHANKARSINH,BJP,701983,Gujarat,MALE
RAJBAHADUR SINGH,BJP,646231,Madhya Pradesh,MALE
HAJI FAZLUR REHMAN,BSP,514139,Uttar Pradesh,MALE
PARTHIBAN.S.R,DMK,606302,Tamil Nadu,MALE
RAVINDER,BJP,467940,Uttar Pradesh,MALE
Ramchandra Paswan,LJP,562443,Bihar,MALE
NITESH GANGA DEB,BJP,473770,Odisha,MALE
DR. SHAFIQUR REHMAN BARQ,SP,658006,Uttar Pradesh,MALE
Sanjaykaka Patil,BJP,508995,Maharashtra,MALE
BHAGWANT MANN,AAP,413561,Punjab,MALE
PRAVEEN KUMAR NISHAD,BJP,467543,Uttar Pradesh,MALE
Rajiv Pratap Rudy,BJP,499986,Bihar,MALE
Renuka Singh Saruta,BJP,663711,Chhattisgarh,FEMALE
CHHEDI PASWAN,BJP,494800,Bihar,MALE
SHRIMANT CHH. UDAYANRAJE PRATAPSINHMAHARAJ BHONSLE,NCP,579026,Maharashtra,MALE
GANESH SINGH,BJP,588753,Madhya Pradesh,MALE
G . KISHAN REDDY,BJP,384780,Telangana,MALE
HIMADRI SINGH,BJP,747977,Madhya Pradesh,FEMALE
Arun Kumar Sagar,BJP,688990,Uttar Pradesh,MALE
RAMA DEVI,BJP,608678,Bihar,FEMALE
VINCENT H. PALA,INC,419689,Meghalaya,MALE
SURESH KUMAR KASHYAP,BJP,606182,Himachal Pradesh,MALE
B.Y.RAGHAVENDRA.,BJP,729872,Karnataka,MALE
SADASHIV KISAN LOKHANDE,SHS,486820,Maharashtra,MALE
Dr. Amol Ramsing Kolhe,NCP,635830,Maharashtra,MALE
RAM SHIROMANI,BSP,441771,Uttar Pradesh,MALE
Riti Pathak,BJP,698342,Madhya Pradesh,FEMALE
Sumedhanand Saraswati,BJP,772104,Rajasthan,MALE
INDRA HANG SUBBA,SKM,166922,Sikkim,MALE
RAJDEEP ROY,BJP,499414,Assam,MALE
GEETA KORA,INC,431815,Jharkhand,FEMALE
Sunita Duggal,BJP,714351,Haryana,FEMALE
Sunil Kumar Pintu,JD(U),567745,Bihar,MALE
Rajesh Verma,BJP,514528,Uttar Pradesh,MALE
KARTI P CHIDAMBARAM,INC,566104,Tamil Nadu,MALE
Kavita Singh,JD(U),448473,Bihar,FEMALE
SHRI. SHA. BRA. DR. JAI SIDHESHWAR SHIVACHARY MAHASWAMIJI,BJP,524985,Maharashtra,MALE
RAMESH CHANDER KAUSHIK,BJP,587664,Haryana,MALE
RAMESH BIDHURI,BJP,687014,NCT OF Delhi,MALE
COSME FRANCISCO CAITANO SARDINHA,INC,201561,Goa,MALE
KALYAN BANERJEE,AITC,637707,West Bengal,MALE
KINJARAPU RAM MOHAN NAIDU,TDP,534544,Andhra Pradesh,MALE
Farooq Abdullah,JKN,106750,Jammu & Kashmir,MALE
Baalu.T.R.,DMK,793281,Tamil Nadu,MALE
MANEKA SANJAI GANDHI,BJP,459196,Uttar Pradesh,FEMALE
Jual Oram,BJP,500056,Odisha,MALE
Dileshwar Kamait,JD(U),597377,Bihar,MALE
Darshana Vikram Jardosh,BJP,795651,Gujarat,FEMALE
Dr. MUNJAPARA MAHENDRABHAI,BJP,631844,Gujarat,MALE
Adhikari Dibyendu,AITC,724433,West Bengal,MALE
MALA RAJYA LAXMI SHAH,BJP,565333,Uttarakhand,FEMALE
DHANUSH.M.KUMAR,DMK,476156,Tamil Nadu,MALE
PALLAB LOCHAN DAS,BJP,684166,Assam,MALE
RAJAN BABURAO VICHARE,SHS,740969,Maharashtra,MALE
"PALANIMANICKAM,S.S.",DMK,588978,Tamil Nadu,MALE
"RAVEENDRANATH KUMAR, P",AIADMK,504813,Tamil Nadu,MALE
Dr.K.Jayakumar,INC,767292,Tamil Nadu,MALE
Dr. SHASHI THAROOR,INC,416131,Kerala,MALE
KANIMOZHI KARUNANIDHI,DMK,563143,Tamil Nadu,FEMALE
T. N. PRATHAPAN,INC,415089,Kerala,MALE
Dr Virendra Kumar,BJP,672248,Madhya Pradesh,MALE
Thirunavukkarasar. SU,INC,621285,Tamil Nadu,MALE
GNANATHIRAVIAM S,DMK,522993,Tamil Nadu,MALE
Balli Durga Prasad Rao,YSRCP,722877,Andhra Pradesh,MALE
"SUBBARAYAN, K.",CPI(M),508725,Tamil Nadu,MALE
ANNADURAI C N,DMK,666272,Tamil Nadu,MALE
Sukhbir Singh Jaunapuria,BJP,644319,Rajasthan,MALE
Rebati Tripura,BJP,482126,Tripura,MALE
Pratima Bhoumik,BJP,573532,Tripura,FEMALE
G. S. BASAVARAJ,BJP,596127,Karnataka,MALE
AGATHA K. SANGMA,NPEP,304455,Meghalaya,FEMALE
ARJUNLAL MEENA,BJP,871548,Rajasthan,MALE
DR. JITENDRA SINGH,BJP,724311,Jammu & Kashmir,MALE
SHOBHA KARANDLAJE,BJP,718916,Karnataka,FEMALE
Nityanand Rai,BJP,543906,Bihar,MALE
ANIL FIROJIYA,BJP,791663,Madhya Pradesh,MALE
SAJDA AHMED,AITC,694945,West Bengal,FEMALE
Swami Sakshi Ji Maharaj,BJP,703507,Uttar Pradesh,MALE
ANANTKUMAR HEGDE,BJP,786042,Karnataka,MALE
K. MURALEEDHARAN,INC,526755,Kerala,MALE
RANJANBEN BHATT,BJP,883719,Gujarat,FEMALE
Veena Devi (W/o Dinesh Prasad Singh),LJP,568215,Bihar,FEMALE
BAIDYANATH PRASAD MAHTO,JD(U),602660,Bihar,MALE
Dr.K.C.PATEL,BJP,771980,Gujarat,MALE
NARENDRA MODI,BJP,674664,Uttar Pradesh,MALE
Ramakant Bhargava,BJP,853022,Madhya Pradesh,MALE
KESINENI SRINIVAS (NANI),TDP,575498,Andhra Pradesh,MALE
RAVIKUMAR D,DMK,559585,Tamil Nadu,MALE
"MANICKAM TAGORE, B.",INC,470883,Tamil Nadu,MALE
M V V SATYANARAYANA,YSRCP,436906,Andhra Pradesh,MALE
Bellana Chandra Sekhar,YSRCP,578418,Andhra Pradesh,MALE
DAYAKAR PASUNOORI,TRS,612498,Telangana,MALE
Ramdas Chandrabhanji Tadas,BJP,578364,Maharashtra,MALE
Rahul Gandhi,INC,706367,Kerala,MALE
PARVESH SAHIB SINGH VERMA,BJP,865648,NCT OF Delhi,MALE
Bhavana Pundlikrao Gawali,SHS,542098,Maharashtra,FEMALE
B.B.PATIL,TRS,434244,Telangana,MALE
